"Address","Occurrences","Title 1","Title 1 Length","Title 1 Pixel Width","Indexability","Indexability Status"
"https://www.tops-int.com/","1","Top Computer Courses in India – Learn with TOPS Technologies","60","572","Indexable",""
"https://www.tops-int.com/online-php-training-course","1","Online PHP Course and Training - TOPS Technologies","50","477","Indexable",""
"https://www.tops-int.com/top-it-companies","1","Top Computer Courses in India – Learn with TOPS Technologies","60","572","Non-Indexable","Canonicalised"
"https://www.tops-int.com/it-training-maninagar","1","IT Training Courses in Maninagar Ahmedabad | No.1 Coding classes","64","602","Indexable",""
"https://www.tops-int.com/digital-marketing-training-course-online","1","Online Digital Marketing Training Course - TOPS Technologies","60","551","Indexable",""
"https://www.tops-int.com/webinar/phpwebinar20thdec","1","Best IT Training &amp; Placement Company in India | Tops Technologies","69","600","Indexable",""
"https://www.tops-int.com/selenium-training-course","1","Selenium Course - TOPS Technologies","35","343","Indexable",""
"https://www.tops-int.com/job-fest","1","Get Hired at JobFest – Your Next Career Starts Here","51","468","Indexable",""
"https://www.tops-int.com/software-testing-training-course-online","1","Software Testing Training Course Online - TOPS Technologies","59","552","Indexable",""
"https://www.tops-int.com/machine-learning-course","1","Machine Learning Course - TOPS Technologies","43","418","Indexable",""
"https://www.tops-int.com/aspdotnet-training-course-online","1","ASP.NET Training Course Online - TOPS Technologies","50","479","Indexable",""
"https://www.tops-int.com/node-training-course","1","NodeJS Training Course : NodeJS Tutorials & Training","52","480","Indexable",""
"https://www.tops-int.com/webinars","1","Webinars | TOPS Technologies","28","274","Indexable",""
"https://www.tops-int.com/blog/ai-in-entertainment","1","AI in Media & Entertainment | TOPS","34","315","Indexable",""
"https://www.tops-int.com/webinar/datasciencewebinar21stdec","1","Best IT Training &amp; Placement Company in India | Tops Technologies","69","600","Indexable",""
"https://www.tops-int.com/data-analytics-course","1","Data Analytics Courses - TOPS Technologies","42","397","Indexable",""
"https://www.tops-int.com/software-testing-training-course","1","Software Testing Course - TOPS Technologies","43","412","Indexable",""
"https://www.tops-int.com/web-design-training-course","1","Web Designing Course, Training & Classes - TOPS Technologies","60","566","Indexable",""
"https://www.tops-int.com/webinar/softwaretestingwebinar20thdec","1","Best IT Training &amp; Placement Company in India | Tops Technologies","69","600","Indexable",""
"https://www.tops-int.com/aspdotnet-mvc-training-course","1","ASP.NET MVC Full Course  - TOPS Technologies","44","424","Indexable",""
"https://www.tops-int.com/software-engineering-course","1","Programming & Coding Course - TOPS Technologies","47","466","Indexable",""
"https://www.tops-int.com/webinar/cybersecuritywebinar21stdec","1","Best IT Training &amp; Placement Company in India | Tops Technologies","69","600","Indexable",""
"https://www.tops-int.com/joomla-training-course","1","Joomla CMS Training | Joomla Course | TOPS Technologies","55","532","Indexable",""
"https://www.tops-int.com/seo-training-course","1","SEO Course : SEO Certification Course & Training | TOPS","55","501","Indexable",""
"https://www.tops-int.com/live-project-training-java","1","Java Live Project Training | Java Certification | TOPS Technologies","67","595","Indexable",""
"https://www.tops-int.com/blog/start-your-fintech-career-jobs-after-course-completion","1","Start Your FinTech Career: Jobs After Course Completion.","56","515","Indexable",""
"https://www.tops-int.com/flutter-training-course","1","Flutter Course | Flutter Training & Certification |TOPS","55","472","Indexable",""
"https://www.tops-int.com/digital-marketing-training-course","1","Digital Marketing Course | Digital Marketing Institute - TOPS","61","533","Indexable",""
"https://www.tops-int.com/graphic-designing-training-course-online","1","Online Graphic Designing Course and Training  | TOPS Technologies","65","598","Indexable",""
"https://www.tops-int.com/android-training-course-online","1","Online Android Course &Training - TOPS Technologies","51","480","Indexable",""
"https://www.tops-int.com/webinar/digitalmarketingwebinar20thdec","1","Best IT Training &amp; Placement Company in India | Tops Technologies","69","600","Indexable",""
"https://www.tops-int.com/cloud-computing-training","1","Cloud Computing Courses & Training - TOPS Technologies","54","518","Indexable",""
"https://www.tops-int.com/magento-training-course","1","Magento Training Course  :  Get Certified f in Magento, magento","63","560","Indexable",""
"https://www.tops-int.com/it-training-gandhinagar","1","IT Training Courses in Gandhinagar | Best Coding classes - TOPS","63","574","Indexable",""
"https://www.tops-int.com/salesforce-training-course","1","Salesforce Training Course and 100% Job Placement","49","472","Indexable",""
"https://www.tops-int.com/computer-coding-for-kids","1","Computer Courses for Kids - TOPS Technologies","45","432","Indexable",""
"https://www.tops-int.com/automation-testing-training-course","1","Automation Testing Courses - TOPS Technologies","46","446","Indexable",""
"https://www.tops-int.com/mobile-testing-training-course","1","Mobile Testing Course - Mobile Testing Training With Placement","62","574","Indexable",""
"https://www.tops-int.com/graphic-design-training-course","1","Graphic Design Course - TOPS Technologies","41","394","Indexable",""
"https://www.tops-int.com/live-project-training","1","Learn by Doing with Live Project Training at TOPS Technologies","62","567","Indexable",""
"https://www.tops-int.com/codeigniter-training-course","1","CodeIgniter From A Certified Developer With Job Placement","57","536","Indexable",""
"https://www.tops-int.com/vfx-course","1","AI-Powered VFX Course in Ahmedabad, Surat, Rajkot & Vadodara","60","577","Indexable",""
"https://www.tops-int.com/react-native-course","1","React Native Course - TOPS Technologies","39","373","Indexable",""
"https://www.tops-int.com/mobile-development","1","Learn Mobile Development and Boost Your Career at TOPS","54","524","Indexable",""
"https://www.tops-int.com/liferay-training-course","1","Liferay Developer Training | Become an Expert in 6 months - TOPS","64","588","Indexable",""
"https://www.tops-int.com/css-training-course","1","CSS Training Course - TOPS Technologies","39","374","Indexable",""
"https://www.tops-int.com/kids","1","Explore Exciting Educational Activities for Kids","48","412","Indexable",""
"https://www.tops-int.com/success-stories","1","Success Stories | TOPS Technologies","35","332","Indexable",""
"https://www.tops-int.com/ios-live-project-training-course","1","iOS Live Project Training | iOS Realtime Project & Certification","64","552","Indexable",""
"https://www.tops-int.com/it-training-sg-road","1","IT Training Courses in Ahmedabad | Best Coding classes","54","501","Indexable",""
"https://www.tops-int.com/artificial-intelligence-course","1","Artificial Intelligence Course  - TOPS Technologies","51","442","Indexable",""
"https://www.tops-int.com/fullstack-training-course","1","Full Stack Development Course - TOPS Technologies","49","470","Indexable",""
"https://www.tops-int.com/live-project-training-web-designing","1","Web Designing Live Project Training  |TOPS Technologies","55","507","Indexable",""
"https://www.tops-int.com/blog/explore-top-companies-offering-jobs-in-3d-animation","1","Explore Top Companies Offering Jobs in 3D Animation","51","484","Indexable",""
"https://www.tops-int.com/it-training-nagpur","1","IT Training Courses in Nagpur Maharashtra | 100% Placement","58","548","Indexable",""
"https://www.tops-int.com/ios-app-training-course-online","1","IOS Training Certification Course Online - TOPS Technologies","60","545","Indexable",""
"https://www.tops-int.com/it-training?category=online-courses","1","Top Computer Courses in India – Learn with TOPS Technologies","60","572","Non-Indexable","Canonicalised"
"https://www.tops-int.com/generative-ai-course","1","Generative AI Course & Training | Generative AI - TOPS","54","487","Indexable",""
"https://www.tops-int.com/ccna-course","1","CCNA Course | CCNA Training & Certification - TOPS","50","466","Indexable",""
"https://www.tops-int.com/java-training-course-online","1","Java Certification  :  Java Training Course Online with Placement","65","569","Indexable",""
"https://www.tops-int.com/contact-us","1","Contact us - TOPS Technologies IT Training & Placement Company","62","595","Indexable",""
"https://www.tops-int.com/blog/gtu-memorandum-for-student-training-and-placement","1","TOPS Technologies Signs a Memorandum With GTU for Training","58","574","Indexable",""
"https://www.tops-int.com/outsourcing","1","Become an IT Software Development Expert with Outsourcing Training","66","628","Indexable",""
"https://www.tops-int.com/ios-training-course","1","iOS Certification Course : iOS Development Training Course","58","530","Indexable",""
"https://www.tops-int.com/c-cplus-training-course","1","C Language, C++ Programming Course - TOPS Technologies","54","537","Indexable",""
"https://www.tops-int.com/blog/best-laptops-for-3d-animation-students-in-2025","1","Best Laptops for 3D Animation Students in 2025","46","428","Non-Indexable","Canonicalised"
"https://www.tops-int.com/live-project-training-php","1","PHP Live Project Training | Best PHP Project Definitions - TOPS","63","566","Indexable",""
"https://www.tops-int.com/python-training-course","1","Python Certification Course | Python Course |TOPS Technologies","62","575","Indexable",""
"https://www.tops-int.com/linux-training-course","1","Linux Course| Linux Certification Courses with Placements","57","522","Indexable",""
"https://www.tops-int.com/mcsa-certification-training-course","1","MCSA Certification Training Course - TOPS Technologies","54","507","Indexable",""
"https://www.tops-int.com/ethical-hacking-training-course","1","Ethical Hacking Course - TOPS Technologies","42","396","Indexable",""
"https://www.tops-int.com/it-training-nikol","1","IT Training Courses in Nikol, Ahmedabad | Best Coding classes","61","555","Indexable",""
"https://www.tops-int.com/net-core-course","1","Best .NET Core Training Course & Classes | 100% MNC Job","55","522","Indexable",""
"https://www.tops-int.com/it-training-rajkot","1","IT Training Courses in Rajkot | Best Coding classes - TOPS","58","516","Indexable",""
"https://www.tops-int.com/category/news","1","Latest IT News: Stay Informed with Our Technology Blog","54","500","Indexable",""
"https://www.tops-int.com/data-science-training-course","1","Data Science Course -  TOPS Technologies","40","376","Indexable",""
"https://www.tops-int.com/struts-training-course","1","Struts Training Course With 100% Job Assistance - TOPS","54","507","Indexable",""
"https://www.tops-int.com/asp-net-training-course","1","ASP.NET Training Course & Classes |TOPS Technologies","52","503","Indexable",""
"https://www.tops-int.com/specialized-courses","1","IT Specialized Course: Expert Training - TOPS","45","404","Indexable",""
"https://www.tops-int.com/hardware-networking-training-course","1","Hardware and Networking Course - TOPS Technologies","50","491","Indexable",""
"https://www.tops-int.com/react-training-course","1","React Course - React JS Course by Industry Experts - TOPS Technologies","70","646","Indexable",""
"https://www.tops-int.com/software-testing","1","Upgrade Your Skills in Software Testing at TOPS Technologies","60","555","Indexable",""
"https://www.tops-int.com/webinar/graphicdesignwebinar21stdec","1","Best IT Training &amp; Placement Company in India | Tops Technologies","69","600","Indexable",""
"https://www.tops-int.com/data-science-ai-and-ml","1","Explore Data Science Training at TOPS Technologies","50","469","Indexable",""
"https://www.tops-int.com/wordpress-training-course","1","WordPress Training Course - TOPS Technologies","45","435","Indexable",""
"https://www.tops-int.com/ccnp-training-course","1","CCNP Training Course - TOPS Technologies","40","390","Indexable",""
"https://www.tops-int.com/it-training-surat","1","IT Training Courses in Ring Road Surat | Best Coding classes","60","535","Indexable",""
"https://www.tops-int.com/web-designing-training-course-online","1","Web Design Online Courses - TOPS Technologies","45","437","Indexable",""
"https://www.tops-int.com/it-training-vadodara","1","IT Training Courses in Vadodara | Best Coding classes - TOPS","60","546","Indexable",""
"https://www.tops-int.com/ui-ux-designing-course","1","UI UX Design Course :  UI UX Design Internship |TOPS Technologies","65","592","Indexable",""
"https://www.tops-int.com/software-development","1","Learn Software Development: Comprehensive Training","50","489","Indexable",""
"https://www.tops-int.com/manual-testing-training-course","1","Manual Testing Course - TOPS Technologies","41","397","Indexable",""
"https://www.tops-int.com/blog","1","Discover IT Trends & Career Blogs at TOPS Technologies","54","505","Indexable",""
"https://www.tops-int.com/live-project-training-android","1","Android Live Project Training Course - TOPS Technologies","56","517","Indexable",""
"https://www.tops-int.com/blog/online-courses-to-pandemic-period-get-your-courses-at-home-2","1","Online Courses to Pandemic Period get your courses at home","58","547","Indexable",""
"https://www.tops-int.com/php-training-course","1","PHP Course : PHP Training Institute | TOPS Technologies","55","510","Indexable",""
"https://www.tops-int.com/campus-drive","1","Explore Career Opportunities at TOPS Campus Drive","49","466","Indexable",""
"https://www.tops-int.com/html-training-course","1","HTML Training Course & Classes - TOPS Technologies","50","483","Indexable",""
"https://www.tops-int.com/web-development-course","1","Web Development Courses & Training | TOPS Technologies","54","527","Indexable",""
"https://www.tops-int.com/cyber-security-training-course","1","Cyber Security Certification Course - TOPS Technologies","55","502","Indexable",""
"https://www.tops-int.com/study-abroad","1","Explore Study Abroad & Education Training with TOPS","51","477","Indexable",""
"https://www.tops-int.com/privacy-policy","1","Privacy Policy | TOPS Technologies","34","313","Indexable",""
"https://www.tops-int.com/game-development-training-course","1","Game Development Course | Game Development Training - TOPS","58","584","Indexable",""
"https://www.tops-int.com/webinar/androidwebinar20thdec","1","Best IT Training &amp; Placement Company in India | Tops Technologies","69","600","Indexable",""
"https://www.tops-int.com/webinar/pythonwebinar21stdec","1","Best IT Training &amp; Placement Company in India | Tops Technologies","69","600","Indexable",""
"https://www.tops-int.com/placements","1","Job Recruitment Agency and Placement Consultants TOPS Technologies","66","650","Indexable",""
"https://www.tops-int.com/internet-of-things-training","1","IoT Training Course & Classe - TOPS Technologies","48","447","Indexable",""
"https://www.tops-int.com/java-training-course","1","Java Course & Training | Java Certification Course | Placement","62","559","Indexable",""
"https://www.tops-int.com/android-training-course","1","Android Development Course - TOPS Technologies","46","452","Indexable",""
"https://www.tops-int.com/3d-animation-courses","1","3D Animation Courses & Training -  3d Animation Institute |TOPS","63","569","Indexable",""
"https://www.tops-int.com/angular-training-course","1","AngularJS Training Course & Classes  | TOPS Technologies","56","520","Indexable",""
"https://www.tops-int.com/front-end-developer-course","1","Front End Developer Course - TOPS Technologies","46","439","Indexable",""
"https://www.tops-int.com/final-year-project-training","1","Final Year Project Training with Internship + 100% Job Placement","64","582","Indexable",""
"https://www.tops-int.com/aws-certification-course","1","AWS Certification Course | AWS Training & Certification","55","494","Indexable",""
"https://www.tops-int.com/robotics-courses","1","Robotics Courses - TOPS Technologies","36","346","Indexable",""
"https://www.tops-int.com/unity-3d-game-development-course","1","Unity 3D Game Development Course - TOPS Technologies","52","516","Indexable",""
"https://www.tops-int.com/lucky-draw","1","🎉 Win an Apple Watch – Join Our Exclusive Lucky Draw! 🎉 | TOPS Technologies","77","695","Indexable",""
"https://www.tops-int.com/prompt-engineering-course","1","Prompt  Engineering Course & Training | TOPS Technologies","57","530","Indexable",""
"https://www.tops-int.com/live-project-training-asp-net","1","Live Project Training in ASP.NET  | .NET Training  - TOPS Technologies","70","616","Indexable",""
"https://www.tops-int.com/it-training","1","Top Computer Courses in India – Learn with TOPS Technologies","60","572","Non-Indexable","Canonicalised"
"https://www.tops-int.com/it-training-ahmedabad","1","Computer Coding Courses in Ahmedabad | Best Design classes -  TOPS","66","628","Indexable",""
"https://www.tops-int.com/blog/job-fest-2017-tops-technologies","1","Best IT Training &amp; Placement Company in India | Tops Technologies","69","600","Indexable",""
"https://www.tops-int.com/webinar/certificate","1","Join TOPS Webinars & Earn a Certificate of Participation","56","502","Indexable",""
"https://www.tops-int.com/hibernate-training-course","1","Hibernate Training Course With Job Placement - TOPS","51","487","Indexable",""
"https://www.tops-int.com/data-visualization-course","1","Data Visualization course : Data Visualization Training - TOPS","62","549","Indexable",""
"https://www.tops-int.com/blog/benefits-and-importance-of-learning-php-language","1","What are the Benefits of Learning PHP Language?","47","447","Indexable",""
"https://www.tops-int.com/blog/a-complete-guide-on-how-to-start-a-successful-php-career","1","A Complete Guide on How to Start a Successful PHP Career - TOPS Technologies","76","725","Indexable",""
"https://www.tops-int.com/blog/a-guide-to-career-in-php","1","How to Grow Your Career After Learning PHP?","43","413","Indexable",""
"https://www.tops-int.com/blog/php-training-course-to-avoid-these-7-common-mistakes","1","Enroll in a PHP Training Course to Skip these Common Mistakes","61","572","Indexable",""
"https://www.tops-int.com/top-it-companies?page=4","1","Top Computer Courses in India – Learn with TOPS Technologies","60","572","Non-Indexable","Canonicalised"
"https://www.tops-int.com/top-it-companies?page=3","1","Top Computer Courses in India – Learn with TOPS Technologies","60","572","Non-Indexable","Canonicalised"
"https://www.tops-int.com/top-it-companies?page=2","1","Top Computer Courses in India – Learn with TOPS Technologies","60","572","Non-Indexable","Canonicalised"
"https://www.tops-int.com/game-development-courses-in-ahmedabad","1","Game Development Courses in Ahmedabad | TOPS Technologies","57","580","Indexable",""
"https://www.tops-int.com/live-project-training-ios","1","iOS Live Project Training & Get Certified With  Job Placement","61","542","Indexable",""
"https://www.tops-int.com/computer-coding-for-kids-in-ahmedabad","1","Computer Coding for Kids in Ahmedabad | 100% Placement Assistance","65","632","Indexable",""
"https://www.tops-int.com/ui-ux-designing-course-in-ahmedabad","1","UI UX Design course in Ahmedabad - TOPS Technologies","52","505","Indexable",""
"https://www.tops-int.com/selenium-training-in-vadodara","1","Selenium Training in Vadodara - TOPS Technologies","49","465","Indexable",""
"https://www.tops-int.com/selenium-training-in-rajkot","1","Selenium Training in Rajkot - TOPS Technologies","47","435","Indexable",""
"https://www.tops-int.com/blog/what-is-selenium","1","What is Selenium? Getting started Selenium Automation Testing","61","576","Indexable",""
"https://www.tops-int.com/selenium-training-in-surat","1","Selenium Training in Surat - TOPS Technologies","46","427","Indexable",""
"https://www.tops-int.com/selenium-training-in-gandhinagar","1","Selenium Training in Gandhinagar - TOPS Technologies","52","493","Indexable",""
"https://www.tops-int.com/webinar/phpwebinar20thdec/register","1","Best IT Training &amp; Placement Company in India | Tops Technologies","69","600","Non-Indexable","Canonicalised"
"https://www.tops-int.com/blog/everything-about-ai-in-digital-marketing-30-faqs","1","Everything About AI in Digital Marketing: 30 FAQs","49","437","Indexable",""
"https://www.tops-int.com/blog/aipowered-social-media-marketing-for-business-growth","1","AI-Powered Social Media Marketing for Business Growth","53","502","Indexable",""
"https://www.tops-int.com/blog/tiktok-india-relaunch-rumors-2025-why-the-ban-still-holds","1","TikTok India Relaunch Rumors 2025: Why The Ban Still Holds","58","539","Indexable",""
"https://www.tops-int.com/blog/digital-marketing-course-from-basics-to-pro-level","1","Digital Marketing Course: From Basics to Pro Level","50","452","Indexable",""
"https://www.tops-int.com/manual-testing-training-ahmedabad","1","Manual Testing Course in Ahmedabad | Live Projects & 100% Placement","67","643","Indexable",""
"https://www.tops-int.com/iphone-training-ahmedabad","1","Best iOS Development Course in Ahmedabad | 100% Placement Assistance","68","670","Indexable",""
"https://www.tops-int.com/data-science-training-course-in-ahmedabad","1","Data Science Course in Ahmedabad | 100% Placement Assistance","60","587","Indexable",""
"https://www.tops-int.com/selenium-training-in-ahmedabad","1","Selenium Training in Ahmedabad - TOPS Technologies","50","487","Indexable",""
"https://www.tops-int.com/php-training-ahmedabad","1","PHP Course in Ahmedabad | 100% Placement Assistance & Live Projects","67","648","Indexable",""
"https://www.tops-int.com/mobile-testing-training-ahmedabad","1","Mobile Testing Course Ahmedabad - TOPS Technologies","51","504","Indexable",""
"https://www.tops-int.com/angular-training-ahmedabad","1","Angular Course in Ahmedabad | Live Projects & 100% Placement Assistance","71","677","Indexable",""
"https://www.tops-int.com/data-analytics-course-in-ahmedabad","1","Data Analyst Course in Ahmedabad | 100% Placement Assistance","60","583","Indexable",""
"https://www.tops-int.com/machine-learning-course-in-ahmedabad","1","AI ML Course in Ahmedabad | Machine Learning Course | TOPS","58","561","Indexable",""
"https://www.tops-int.com/java-training-ahmedabad","1","Java Course in Ahmedabad | Best Java Training, 100% Placement Assistance - TOPS Technologies","92","879","Indexable",""
"https://www.tops-int.com/automation-testing-training-in-ahmedabad","1","Automation Testing Courses in Ahmedabad | 100% Placement Assistance","67","657","Indexable",""
"https://www.tops-int.com/web-development-course-in-ahmedabad","1","Web Development Courses in Ahmedabad with Certification & Live Training","71","671","Indexable",""
"https://www.tops-int.com/seo-training-ahmedabad","1","SEO Course in Ahmedabad - TOPS Technologies","43","430","Indexable",""
"https://www.tops-int.com/graphic-designing-training-in-ahmedabad","1","Graphic Design Course in Ahmedabad | Placement & Live Projects","62","587","Indexable",""
"https://www.tops-int.com/ccna-training-in-ahmedabad","1","CCNA Course in Ahmedabad - TOPS Technologies","44","446","Indexable",""
"https://www.tops-int.com/live-project-training-in-ahmedabad","1","Live Project Training in Ahmedabad | Final Year Project |TOPS","61","552","Indexable",""
"https://www.tops-int.com/aspnet-training-ahmedabad","1","ASP.Net Training in Ahmedabad   - TOPS Technologies","51","478","Indexable",""
"https://www.tops-int.com/android-app-development-course-in-ahmedabad","1","Android App Development Course Ahmedabad | Placement","52","526","Indexable",""
"https://www.tops-int.com/software-testing-training-ahmedabad","1","Software Testing Course in Ahmedabad | 100% Placement Assistance","64","623","Indexable",""
"https://www.tops-int.com/vfx-course-in-ahmedabad","1","VFX Course in Ahmedabad with 100% Placement Assistance","54","540","Indexable",""
"https://www.tops-int.com/robotics-courses-in-ahmedabad","1","Robotics Training in Ahmedabad | 100% Placement Assistance","58","557","Indexable",""
"https://www.tops-int.com/ethical-hacking-training-in-ahmedabad","1","Ethical Hacking Course in Ahmedabad - TOPS Technologies","55","530","Indexable",""
"https://www.tops-int.com/3d-animation-courses-in-ahmedabad","1","3D Animation Course in Ahmedabad | Animation Institute with 100% Placement","74","707","Indexable",""
"https://www.tops-int.com/python-training-ahmedabad","1","Python Training in Ahmedabad | Best Python Course with Placement & Fees Details","79","741","Indexable",""
"https://www.tops-int.com/reactjs-training-in-ahmedabad","1","React JS Course in Ahmedabad | React Training with 100% Placement","65","623","Indexable",""
"https://www.tops-int.com/digital-marketing-training-ahmedabad","1","Digital Marketing Course in Ahmedabad - TOPS Technologies","57","545","Indexable",""
"https://www.tops-int.com/fullstack-training-course-ahmedabad","1","Full Stack Developer Course in Ahmedabad | Best Full Stack Development Training with Placement","94","878","Indexable",""
"https://www.tops-int.com/c-c-programming-training-in-ahmedabad","1","C C++ Training in Ahmedabad | C & C++ Course with 100% Placement","64","616","Indexable",""
"https://www.tops-int.com/cyber-security-training-in-ahmedabad","1","Cyber Security Course in Ahmedabad - TOPS Technologies","54","521","Indexable",""
"https://www.tops-int.com/flutter-training-course-ahmedabad","1","Flutter Course in Ahmedabad With 100% Placement & Live Project Training","71","668","Indexable",""
"https://www.tops-int.com/iot-training-in-ahmedabad","1","Best IoT Training in Ahmedabad | Internet of Things Course","58","526","Indexable",""
"https://www.tops-int.com/react-native-course-in-ahmedabad","1","React Native Course in Ahmedabad - TOPS Technologies","52","507","Indexable",""
"https://www.tops-int.com/webdesigning-training-ahmedabad","1","Web Design Course in Ahmedabad | UI/UX & Responsive Web Design - TOPS Technologies","82","801","Indexable",""
"https://www.tops-int.com/asp-net-mvc-training-course-in-ahmedabad","1","ASP.Net MVC Training Course in Ahmedabad - TOPS Technologies","60","594","Indexable",""
"https://www.tops-int.com/front-end-developer-course-ahmedabad","1","Front End Development Course in Ahmedabad with 100% Placement","61","609","Indexable",""
"https://www.tops-int.com/hardware-and-networking-training-in-ahmedabad","1","Hardware Networking Course In Ahmedabad - TOPS Technologies","59","587","Indexable",""
